26,Antonio,Twelfth Night
10,Captain,Twelfth Night
4,Curio,Twelfth Night
51,Fabian,Twelfth Night
104,Feste,Twelfth Night
5,First Officer,Twelfth Night
87,Malvolio,Twelfth Night
59,Maria,Twelfth Night
118,Olivia,Twelfth Night
59,Orsino,Twelfth Night
1,Priest,Twelfth Night
31,Sebastian,Twelfth Night
3,Second Officer,Twelfth Night
1,Servant,Twelfth Night
88,Sir Andrew Aguecheek,Twelfth Night
152,Sir Toby Belch,Twelfth Night
3,Valentine,Twelfth Night
121,Viola,Twelfth Night
11,Antonio,The Two Gentlemen of Verona
48,Duke of Milan,The Two Gentlemen of Verona
8,Eglamour,The Two Gentlemen of Verona
11,First Outlaw,The Two Gentlemen of Verona
16,Host,The Two Gentlemen of Verona
107,Julia,The Two Gentlemen of Verona
68,Launce,The Two Gentlemen of Verona
48,Lucetta,The Two Gentlemen of Verona
1,Outlaws,The Two Gentlemen of Verona
14,Panthino,The Two Gentlemen of Verona
147,Proteus,The Two Gentlemen of Verona
10,Second Outlaw,The Two Gentlemen of Verona
58,Silvia,The Two Gentlemen of Verona
117,Speed,The Two Gentlemen of Verona
8,Third Outlaw,The Two Gentlemen of Verona
36,Thurio,The Two Gentlemen of Verona
149,Valentine,The Two Gentlemen of Verona
23,Antonio,Much Ado About Nothing
11,Balthasar,Much Ado About Nothing
106,Beatrice,Much Ado About Nothing
134,Benedick,Much Ado About Nothing
38,Borachio,Much Ado About Nothing
2,Boy,Much Ado About Nothing
125,Claudio,Much Ado About Nothing
23,Conrade,Much Ado About Nothing
52,Dogberry,Much Ado About Nothing
40,Don John,Much Ado About Nothing
135,Don Pedro,Much Ado About Nothing
6,First Watchman,Much Ado About Nothing
16,Friar Francis,Much Ado About Nothing
44,Hero,Much Ado About Nothing
120,Leonato,Much Ado About Nothing
1,Lord,Much Ado About Nothing
26,Margaret,Much Ado About Nothing
17,Messenger,Much Ado About Nothing
5,Second Watchman,Much Ado About Nothing
7,Sexton,Much Ado About Nothing
19,Ursula,Much Ado About Nothing
18,Verges,Much Ado About Nothing
10,Watchman,Much Ado About Nothing
28,Agrippa,Antony and Cleopatra
15,Alexas,Antony and Cleopatra
2,Attendant,Antony and Cleopatra
1,Attendants,Antony and Cleopatra
10,Canidius,Antony and Cleopatra
1,Captain,Antony and Cleopatra
63,Charmian,Antony and Cleopatra
204,Cleopatra,Antony and Cleopatra
8,Clown,Antony and Cleopatra
2,Demetrius,Antony and Cleopatra
5,Dercetas,Antony and Cleopatra
7,Diomedes,Antony and Cleopatra
23,Dolabella,Antony and Cleopatra
113,Domitius Enobarus,Antony and Cleopatra
2,Egyptian,Antony and Cleopatra
27,Eros,Antony and Cleopatra
5,Euphronius,Antony and Cleopatra
3,First Attendant,Antony and Cleopatra
11,First Guard,Antony and Cleopatra
4,First Servant,Antony and Cleopatra
14,First Soldier,Antony and Cleopatra
3,Fourth Soldier,Antony and Cleopatra
1,Gallus,Antony and Cleopatra
2,Guard,Antony and Cleopatra
18,Iras,Antony and Cleopatra
7,Mardian,Antony and Cleopatra
16,Mecaenas,Antony and Cleopatra
35,Menas,Antony and Cleopatra
2,Menecrates,Antony and Cleopatra
42,Messenger,Antony and Cleopatra
13,Octavia,Antony and Cleopatra
2,Philo,Antony and Cleopatra
41,Pompey,Antony and Cleopatra
10,Proculeius,Antony and Cleopatra
12,Scarus,Antony and Cleopatra
1,Second Attendant,Antony and Cleopatra
4,Second Guard,Antony and Cleopatra
2,Second Messenger,Antony and Cleopatra
3,Second Servant,Antony and Cleopatra
11,Second Soldier,Antony and Cleopatra
3,Seleucus,Antony and Cleopatra
3,Silius,Antony and Cleopatra
13,Soldier,Antony and Cleopatra
14,Soothsayer,Antony and Cleopatra
1,Taurus,Antony and Cleopatra
1,Third Guard,Antony and Cleopatra
10,Third Soldier,Antony and Cleopatra
12,Thyreus,Antony and Cleopatra
1,Varrius,Antony and Cleopatra
4,Ventidius,Antony and Cleopatra
33,Lepidus,Antony and Cleopatra
117,Octavius,Antony and Cleopatra
33,Lepidus,Julius Caesar
117,Octavius,Julius Caesar
102,Bertram,All's Well That Ends Well
58,Clown,All's Well That Ends Well
87,Countess,All's Well That Ends Well
44,Diana,All's Well That Ends Well
6,Duke of Florence,All's Well That Ends Well
7,First Gentleman,All's Well That Ends Well
48,First Lord,All's Well That Ends Well
37,First Soldier,All's Well That Ends Well
1,Fourth Lord,All's Well That Ends Well
9,Gentleman,All's Well That Ends Well
109,Helena,All's Well That Ends Well
87,King of France,All's Well That Ends Well
97,Lafeu,All's Well That Ends Well
5,Mariana,All's Well That Ends Well
1,Page,All's Well That Ends Well
141,Parolles,All's Well That Ends Well
5,Second Gentleman,All's Well That Ends Well
57,Second Lord,All's Well That Ends Well
2,Second Soldier,All's Well That Ends Well
1,Servant,All's Well That Ends Well
6,Steward,All's Well That Ends Well
21,Widow,All's Well That Ends Well
10,Adam,As You Like It
10,Amiens,As You Like It
12,Audrey,As You Like It
108,Celia,As You Like It
8,Charles,As You Like It
24,Corin,As You Like It
2,Dennis,As You Like It
32,Duke,As You Like It
6,First Lord,As You Like It
3,First Page,As You Like It
20,Frederick,As You Like It
1,Hymen,As You Like It
57,Jaques (lord),As You Like It
2,Jaques (son),As You Like It
14,Le Beau,As You Like It
2,Lord,As You Like It
37,Oliver,As You Like It
120,Orlando,As You Like It
23,Phebe,As You Like It
201,Rosalind,As You Like It
2,Second Lord,As You Like It
2,Second Page,As You Like It
24,Silvius,As You Like It
3,Sir Oliver Martext,As You Like It
74,Touchstone,As You Like It
11,William,As You Like It
4,Artemidorus,Julius Caesar
194,Brutus,Julius Caesar
42,Julius Caesar,Julius Caesar
6,Calpurnia,Julius Caesar
39,Casca,Julius Caesar
140,Cassius,Julius Caesar
4,Cicero,Julius Caesar
11,Cinna,Julius Caesar
8,Cinna the Poet,Julius Caesar
2,Claudius,Julius Caesar
8,Clitus,Julius Caesar
3,Dardanius,Julius Caesar
12,Decius Brutus,Julius Caesar
18,First Citizen,Julius Caesar
1,First Commoner,Julius Caesar
4,First Soldier,Julius Caesar
5,Flavius,Julius Caesar
16,Fourth Citizen,Julius Caesar
5,Ligarius,Julius Caesar
10,Lucilius,Julius Caesar
24,Lucius,Julius Caesar
6,Marullus,Julius Caesar
20,Messala,Julius Caesar
1,Messenger,Julius Caesar
5,Metellus Cimber,Julius Caesar
5,Pindarus,Julius Caesar
3,Poet,Julius Caesar
2,Popilius,Julius Caesar
16,Portia,Julius Caesar
2,Publius,Julius Caesar
18,Second Citizen,Julius Caesar
6,Second Commoner,Julius Caesar
2,Second Soldier,Julius Caesar
11,Servant,Julius Caesar
2,Several Citizens,Julius Caesar
9,Soothsayer,Julius Caesar
4,Strato,Julius Caesar
16,Third Citizen,Julius Caesar
1,Third Soldier,Julius Caesar
10,Tintinius,Julius Caesar
4,Trebonius,Julius Caesar
6,Varro,Julius Caesar
3,Volumnius,Julius Caesar
3,Young Cato,Julius Caesar
10,Aedile,Coriolanus
3,Citizen,Coriolanus
67,Cominius,Coriolanus
189,Coriolanus,Coriolanus
1,Fifth Citizen,Coriolanus
33,First Citizen,Coriolanus
3,First Conspirator,Coriolanus
4,First Lord,Coriolanus
4,First Officer,Coriolanus
1,First Roman,Coriolanus
33,First Senator,Coriolanus
19,First Servingman,Coriolanus
8,First Soldier,Coriolanus
3,Fourth Citizen,Coriolanus
1,Gentlewoman,Coriolanus
2,Herald,Coriolanus
91,Junius Brutus,Coriolanus
4,Lieutenant,Coriolanus
162,Menenius Agrippa,Coriolanus
12,Messenger,Coriolanus
1,Officer,Coriolanus
3,Patrician,Coriolanus
10,Roman,Coriolanus
18,Second Citizen,Coriolanus
2,Second Conspirator,Coriolanus
3,Second Lord,Coriolanus
5,Second Messenger,Coriolanus
3,Second Officer,Coriolanus
1,Second Patrician,Coriolanus
1,Second Roman,Coriolanus
10,Second Senator,Coriolanus
19,Second Servingman,Coriolanus
1,Second Soldier,Coriolanus
1,Seventh Citizen,Coriolanus
117,Sicinius Velutus,Coriolanus
1,Sixth Citizen,Coriolanus
13,Third Citizen,Coriolanus
3,Third Conspirator,Coriolanus
1,Third Lord,Coriolanus
1,Third Roman,Coriolanus
20,Third Servingman,Coriolanus
23,Titus Lartius,Coriolanus
45,Tullus Aufidius,Coriolanus
14,Valeria,Coriolanus
26,Virgilia,Coriolanus
9,Volsce,Coriolanus
57,Volumnia,Coriolanus
1,Young Coriolanus,Coriolanus
46,Arviragus,Cymbeline
1,Attendant,Cymbeline
58,Belarius,Cymbeline
25,Caius Lucius,Cymbeline
77,Cloten,Cymbeline
13,Cornelius,Cymbeline
81,Cymbeline,Cymbeline
2,First British Captain,Cymbeline
2,First Brother,Cymbeline
9,First Gaoler,Cymbeline
10,First Gentleman,Cymbeline
2,First Lady,Cymbeline
15,First Lord,Cymbeline
2,First Senator,Cymbeline
3,First Tribune,Cymbeline
7,Frenchman,Cymbeline
62,Guiderius,Cymbeline
77,Iachimo,Cymbeline
118,Imogen,Cymbeline
1,Jupiter,Cymbeline
8,Lady,Cymbeline
6,Lord,Cymbeline
2,Messenger,Cymbeline
3,Mother,Cymbeline
14,Philario,Cymbeline
58,Pisanio,Cymbeline
77,Posthumus Leonatus,Cymbeline
27,Queen,Cymbeline
4,Roman Captain,Cymbeline
2,Second British Captain,Cymbeline
2,Second Brother,Cymbeline
1,Second Gaoler,Cymbeline
9,Second Gentleman,Cymbeline
20,Second Lord,Cymbeline
1,Second Senator,Cymbeline
7,Sicilius Leonatus,Cymbeline
5,Soothsayer,Cymbeline
79,Adriana,The Comedy of Errors
17,Aegeon,The Comedy of Errors
16,Aemilia,The Comedy of Errors
31,Angelo,The Comedy of Errors
76,Antipholus of Ephesus,The Comedy of Errors
103,Antipholus of Syracuse,The Comedy of Errors
5,Balthazar,The Comedy of Errors
11,Courtezan,The Comedy of Errors
63,Dromio of Ephesus,The Comedy of Errors
99,Dromio of Syracuse,The Comedy of Errors
3,First Merchant,The Comedy of Errors
1,Gaoler,The Comedy of Errors
7,Luce,The Comedy of Errors
43,Luciana,The Comedy of Errors
11,Officer,The Comedy of Errors
6,Pinch,The Comedy of Errors
13,Second Merchant,The Comedy of Errors
2,Servant,The Comedy of Errors
22,Solinus,The Comedy of Errors
1,Ambassador,Hamlet
19,Bernardo,Hamlet
102,Claudius,Hamlet
1,Cornelius,Hamlet
15,Father's Ghost,Hamlet
34,First Clown,Hamlet
8,First Player,Hamlet
6,Fortinbras,Hamlet
8,Francisco,Hamlet
2,Gentleman,Hamlet
1,Gentlemen,Hamlet
69,Gertrude,Hamlet
29,Guildenstern,Hamlet
358,Hamlet,Hamlet
109,Horatio,Hamlet
62,Laertes,Hamlet
3,Lord,Hamlet
37,Marcellus,Hamlet
3,Messenger,Hamlet
7,Norwegian Captain,Hamlet
58,Ophelia,Hamlet
25,Osric,Hamlet
4,Player King,Hamlet
5,Player Queen,Hamlet
86,Polonius,Hamlet
2,Priest,Hamlet
13,Reynaldo,Hamlet
48,Rosencrantz,Hamlet
2,Sailor,Hamlet
12,Second Clown,Hamlet
1,Servant,Hamlet
1,Voltemand,Hamlet
1,Carrier,"Henry IV, Part I"
6,Chamberlain,"Henry IV, Part I"
19,Earl of Douglas,"Henry IV, Part I"
35,Earl of Worcester,"Henry IV, Part I"
8,First Carrier,"Henry IV, Part I"
1,First Traveller,"Henry IV, Part I"
17,Gadshill,"Henry IV, Part I"
23,Glendower,"Henry IV, Part I"
6,Messenger,"Henry IV, Part I"
13,Mortimer,"Henry IV, Part I"
1,Ostler,"Henry IV, Part I"
6,Second Carrier,"Henry IV, Part I"
3,Servant,"Henry IV, Part I"
5,Sheriff,"Henry IV, Part I"
4,Sir Michael,"Henry IV, Part I"
1,Thieves,"Henry IV, Part I"
2,Travellers,"Henry IV, Part I"
1,Vintner,"Henry IV, Part I"
30,Archbishop Scroop,"Henry IV, Part I"
11,Blunt,"Henry IV, Part I"
64,Edward Poins,"Henry IV, Part I"
18,Francis,"Henry IV, Part I"
18,Lady Percy,"Henry IV, Part I"
35,Lord Bardolph,"Henry IV, Part I"
8,Peto,"Henry IV, Part I"
31,Prince John,"Henry IV, Part I"
30,Archbishop Scroop,"Henry IV, Part II"
11,Blunt,"Henry IV, Part II"
64,Edward Poins,"Henry IV, Part II"
18,Francis,"Henry IV, Part II"
18,Lady Percy,"Henry IV, Part II"
35,Lord Bardolph,"Henry IV, Part II"
8,Peto,"Henry IV, Part II"
31,Prince John,"Henry IV, Part II"
377,Henry V,"Henry IV, Part I"
377,Henry V,"Henry IV, Part II"
377,Henry V,Henry V
39,Earl of Westmoreland,"Henry IV, Part I"
39,Earl of Westmoreland,"Henry IV, Part II"
39,Earl of Westmoreland,Henry V
39,Earl of Westmoreland,"Henry VI, Part III"
471,Falstaff,"Henry IV, Part I"
471,Falstaff,"Henry IV, Part II"
471,Falstaff,Henry V
471,Falstaff,The Merry Wives of Windsor
158,Hostess Quickly,"Henry IV, Part I"
158,Hostess Quickly,"Henry IV, Part II"
158,Hostess Quickly,Henry V
158,Hostess Quickly,The Merry Wives of Windsor
66,Earl of Northumberland,"Henry IV, Part I"
66,Earl of Northumberland,"Henry IV, Part II"
66,Earl of Northumberland,Richard II
154,Henry IV,"Henry IV, Part I"
154,Henry IV,"Henry IV, Part II"
154,Henry IV,Richard II
26,Vernon,"Henry IV, Part I"
26,Vernon,"Henry VI, Part I"
114,Hotspur (Henry Percy),"Henry IV, Part I"
114,Hotspur (Henry Percy),Richard II
1,Brothers,"Henry IV, Part II"
1,Dancer,"Henry IV, Part II"
14,Davy,"Henry IV, Part II"
31,Doll Tearsheet,"Henry IV, Part II"
7,Fang,"Henry IV, Part II"
4,First Beadle,"Henry IV, Part II"
1,First Groom,"Henry IV, Part II"
7,Francis Feeble,"Henry IV, Part II"
1,Harcourt,"Henry IV, Part II"
2,Lady Northumberland,"Henry IV, Part II"
56,Lord Chief Justice,"Henry IV, Part II"
17,Lord Hastings,"Henry IV, Part II"
18,Lord Mowbray,"Henry IV, Part II"
1,Messenger,"Henry IV, Part II"
6,Morton,"Henry IV, Part II"
17,Page,"Henry IV, Part II"
5,Peter Bullcalf,"Henry IV, Part II"
2,Porter,"Henry IV, Part II"
11,Prince Humphrey,"Henry IV, Part II"
13,Prince Thomas,"Henry IV, Part II"
5,Ralph Mouldy,"Henry IV, Part II"
1,Rumour,"Henry IV, Part II"
2,Second Drawer,"Henry IV, Part II"
1,Second Groom,"Henry IV, Part II"
7,Servant,"Henry IV, Part II"
22,Silence,"Henry IV, Part II"
2,Simon Shadow,"Henry IV, Part II"
5,Sir John Colville,"Henry IV, Part II"
2,Snare,"Henry IV, Part II"
2,Third Drawer,"Henry IV, Part II"
1,Third Groom,"Henry IV, Part II"
2,Thomas Wart,"Henry IV, Part II"
1,Travers,"Henry IV, Part II"
46,Bardolph,"Henry IV, Part II"
31,Gower,"Henry IV, Part II"
46,Bardolph,Henry V
31,Gower,Henry V
182,Earl of Warwick,"Henry IV, Part II"
182,Earl of Warwick,Henry V
182,Earl of Warwick,"Henry VI, Part I"
182,Earl of Warwick,"Henry VI, Part II"
182,Earl of Warwick,"Henry VI, Part III"
122,Pistol,"Henry IV, Part II"
122,Pistol,Henry V
122,Pistol,The Merry Wives of Windsor
136,Robert Shallow,"Henry IV, Part II"
136,Robert Shallow,The Merry Wives of Windsor
22,Alice,Henry V
18,Archbishop of Canterbury,Henry V
7,Bates,Henry V
12,Bishop of Ely,Henry V
16,Boy,Henry V
6,Chorus,Henry V
40,Constable of France,Henry V
1,Court,Henry V
4,Duke of Bourbon,Henry V
29,Duke of Orleans,Henry V
1,Duke of York,Henry V
5,Earl of Cambridge,Henry V
2,First Ambassador,Henry V
68,Fluellen,Henry V
10,French Soldier,Henry V
1,Governor of Harfleur,Henry V
1,Grandpre,Henry V
1,Herald,Henry V
4,Jamy,Henry V
33,Katharine,Henry V
19,King of France,Henry V
31,Lewis the Dauphin,Henry V
5,Lord Scroop,Henry V
4,Macmorris,Henry V
4,Messenger,Henry V
11,Montjoy,Henry V
5,Queen Isabel,Henry V
5,Rambures,Henry V
5,Sir Thomas Erpingham,Henry V
5,Sir Thomas Grey,Henry V
28,Williams,Henry V
24,Duke of Bedford,Henry V
25,Duke of Burgundy,Henry V
24,Duke of Bedford,"Henry VI, Part I"
25,Duke of Burgundy,"Henry VI, Part I"
122,Duke of Gloucester,Henry V
23,Earl of Salisbury,Henry V
122,Duke of Gloucester,"Henry VI, Part I"
23,Earl of Salisbury,"Henry VI, Part I"
122,Duke of Gloucester,"Henry VI, Part II"
23,Earl of Salisbury,"Henry VI, Part II"
46,Duke of Exeter,Henry V
46,Duke of Exeter,"Henry VI, Part I"
46,Duke of Exeter,"Henry VI, Part III"
33,Nym,Henry V
33,Nym,The Merry Wives of Windsor
7,Basset,"Henry VI, Part I"
12,Bastard of Orleans,"Henry VI, Part I"
2,Boy,"Henry VI, Part I"
5,Captain,"Henry VI, Part I"
41,"Charles, King of France","Henry VI, Part I"
13,Countess of Auvergne,"Henry VI, Part I"
18,Duke of Alencon,"Henry VI, Part I"
2,First Gaoler,"Henry VI, Part I"
1,First Sentinel,"Henry VI, Part I"
5,First Serving-Man,"Henry VI, Part I"
1,First Soldier,"Henry VI, Part I"
2,First Warder,"Henry VI, Part I"
1,General,"Henry VI, Part I"
46,Joan la Pucelle,"Henry VI, Part I"
11,John Talbot,"Henry VI, Part I"
2,Lawyer,"Henry VI, Part I"
1,Legate,"Henry VI, Part I"
59,Lord Talbot/Earl of Shrewsbury,"Henry VI, Part I"
2,Master-Gunner,"Henry VI, Part I"
14,Messenger,"Henry VI, Part I"
1,Officer,"Henry VI, Part I"
1,Porter,"Henry VI, Part I"
24,Reignier,"Henry VI, Part I"
2,Scout,"Henry VI, Part I"
2,Second Serving-Man,"Henry VI, Part I"
1,Second Warder,"Henry VI, Part I"
1,Sentinels,"Henry VI, Part I"
1,Sergeant,"Henry VI, Part I"
1,Servant,"Henry VI, Part I"
1,Serving-Men,"Henry VI, Part I"
4,Shepherd,"Henry VI, Part I"
1,Sir William Glansdale,"Henry VI, Part I"
3,Sir John Fastolfe,"Henry VI, Part I"
2,Sir Thomas Gargrave,"Henry VI, Part I"
14,Sir William Lucy,"Henry VI, Part I"
1,Soldier,"Henry VI, Part I"
2,Third Serving-Man,"Henry VI, Part I"
2,Watch,"Henry VI, Part I"
2,Woodvile,"Henry VI, Part I"
108,Earl of Suffolk,"Henry VI, Part I"
58,Winchester,"Henry VI, Part I"
108,Earl of Suffolk,"Henry VI, Part II"
58,Winchester,"Henry VI, Part II"
52,Duke/Earl of Somerset,"Henry VI, Part I"
52,Duke/Earl of Somerset,"Henry VI, Part II"
52,Duke/Earl of Somerset,"Henry VI, Part III"
183,Henry VI,"Henry VI, Part I"
183,Henry VI,"Henry VI, Part II"
183,Henry VI,"Henry VI, Part III"
183,Henry VI,Richard III
169,Queen Margaret,"Henry VI, Part I"
169,Queen Margaret,"Henry VI, Part II"
169,Queen Margaret,"Henry VI, Part III"
169,Queen Margaret,Richard III
166,Richard Plantagenet (Duke of Gloucester),"Henry VI, Part I"
166,Richard Plantagenet (Duke of Gloucester),"Henry VI, Part II"
166,Richard Plantagenet (Duke of Gloucester),"Henry VI, Part III"
166,Richard Plantagenet (Duke of Gloucester),Richard III
9,Edmund Mortimer,"Henry VI, Part I"
9,Edmund Mortimer,"Henry VI, Part III"
14,Lord Mayor of London,"Henry VI, Part I"
14,Lord Mayor of London,Richard III
9,Alexander Iden,"Henry VI, Part II"
1,Beadle,"Henry VI, Part II"
7,Bolingbroke,"Henry VI, Part II"
11,Captain,"Henry VI, Part II"
2,Clerk of Chatham,"Henry VI, Part II"
24,Dick the Butcher,"Henry VI, Part II"
21,Eleanor,"Henry VI, Part II"
6,Father John Hume,"Henry VI, Part II"
1,First Citizen,"Henry VI, Part II"
4,First Gentleman,"Henry VI, Part II"
4,First Murderer,"Henry VI, Part II"
1,First Neighbour,"Henry VI, Part II"
3,First Petitioner,"Henry VI, Part II"
9,George Bevis,"Henry VI, Part II"
1,Herald,"Henry VI, Part II"
61,Jack Cade,"Henry VI, Part II"
10,John Holland,"Henry VI, Part II"
13,Lord Say,"Henry VI, Part II"
2,Lord Scales,"Henry VI, Part II"
1,Margaret Jourdain,"Henry VI, Part II"
1,Master,"Henry VI, Part II"
2,Mayor of Saint Alban's,"Henry VI, Part II"
5,Messenger,"Henry VI, Part II"
3,Michael,"Henry VI, Part II"
9,Peter,"Henry VI, Part II"
1,Post,"Henry VI, Part II"
6,Richard Plantagenet the Younger,"Henry VI, Part II"
1,Second Gentleman,"Henry VI, Part II"
1,Second Murderer,"Henry VI, Part II"
1,Second Neighbour,"Henry VI, Part II"
3,Second Petitioner,"Henry VI, Part II"
1,Servant,"Henry VI, Part II"
1,Servants,"Henry VI, Part II"
2,Sheriff,"Henry VI, Part II"
18,Simpcox,"Henry VI, Part II"
7,Simpcox's Wife,"Henry VI, Part II"
6,Sir Humphrey Stafford,"Henry VI, Part II"
4,Sir John Stanley,"Henry VI, Part II"
9,Smith the Weaver,"Henry VI, Part II"
1,Soldier,"Henry VI, Part II"
5,Spirit,"Henry VI, Part II"
1,Third Neighbour,"Henry VI, Part II"
6,Thomas Horner,"Henry VI, Part II"
2,Townsman,"Henry VI, Part II"
1,Vaux,"Henry VI, Part II"
8,Walter Whitmore,"Henry VI, Part II"
5,William Stafford,"Henry VI, Part II"
4,Young Clifford,"Henry VI, Part II"
52,Lord Clifford,"Henry VI, Part II"
52,Lord Clifford,"Henry VI, Part III"
144,King Edward IV (Plantagenet),"Henry VI, Part II"
144,King Edward IV (Plantagenet),"Henry VI, Part III"
144,King Edward IV (Plantagenet),Richard III
115,Duke of Buckingham,"Henry VI, Part II"
115,Duke of Buckingham,Richard III
4,Bona,"Henry VI, Part III"
15,Earl of Northumberland,"Henry VI, Part III"
6,Earl of Westmoreland,"Henry VI, Part III"
7,"Edmond, Earl of Rutland","Henry VI, Part III"
4,Father,"Henry VI, Part III"
7,First Keeper,"Henry VI, Part III"
1,First Messenger,"Henry VI, Part III"
5,First Watchman,"Henry VI, Part III"
2,Huntsman,"Henry VI, Part III"
21,King Lewis XI,"Henry VI, Part III"
1,Lieutenant,"Henry VI, Part III"
15,Marquess of Montague,"Henry VI, Part III"
3,Mayor of York,"Henry VI, Part III"
6,Messenger,"Henry VI, Part III"
1,Nobleman,"Henry VI, Part III"
9,Post,"Henry VI, Part III"
9,Second Keeper,"Henry VI, Part III"
1,Second Messenger,"Henry VI, Part III"
5,Second Watchman,"Henry VI, Part III"
1,Sir John Mortimer,"Henry VI, Part III"
1,Soldier,"Henry VI, Part III"
4,Son,"Henry VI, Part III"
3,Third Watchman,"Henry VI, Part III"
2,Tutor of Rutland,"Henry VI, Part III"
11,Duke of Norfolk,"Henry VI, Part III"
14,Earl Oxford,"Henry VI, Part III"
72,George Plantagenet (Duke of Clarence),"Henry VI, Part III"
29,Lord (Earl) Rivers,"Henry VI, Part III"
56,Lord Hastings,"Henry VI, Part III"
35,Prince Edward,"Henry VI, Part III"
129,Queen Elizabeth,"Henry VI, Part III"
409,Richard III (Duke of Gloucester),"Henry VI, Part III"
32,Sir William Stanley,"Henry VI, Part III"
11,Duke of Norfolk,Richard III
14,Earl Oxford,Richard III
72,George Plantagenet (Duke of Clarence),Richard III
29,Lord (Earl) Rivers,Richard III
56,Lord Hastings,Richard III
35,Prince Edward,Richard III
129,Queen Elizabeth,Richard III
409,Richard III (Duke of Gloucester),Richard III
32,Sir William Stanley,Richard III
18,Anne Bullen,Henry VIII
21,Archbishop Cranmer,Henry VIII
2,Bishop Lincoln,Henry VIII
6,Brandon,Henry VIII
5,Capucius,Henry VIII
14,Cardinal Campeius,Henry VIII
79,Cardinal Wolsey,Henry VIII
2,Chorus,Henry VIII
3,Crier,Henry VIII
21,Cromwell,Henry VIII
4,Doctor Butts,Henry VIII
26,Duke of Buckingham,Henry VIII
48,Duke of Norfolk,Henry VIII
30,Duke of Suffolk,Henry VIII
24,Earl of Surrey,Henry VIII
34,First Gentleman,Henry VIII
2,First Secretary,Henry VIII
22,Gardiner,Henry VIII
1,Garter,Henry VIII
3,Gentleman,Henry VIII
13,Griffith,Henry VIII
81,Henry VIII,Henry VIII
5,Keeper,Henry VIII
5,Lord Abergavenny,Henry VIII
38,Lord Chamberlain,Henry VIII
7,Lord Chancellor,Henry VIII
17,Lord Sands,Henry VIII
6,Man,Henry VIII
2,Messenger,Henry VIII
14,Old Lady,Henry VIII
1,Page,Henry VIII
3,Patience,Henry VIII
10,Porter,Henry VIII
50,Queen Katharine,Henry VIII
2,Scribe,Henry VIII
37,Second Gentleman,Henry VIII
1,Sergeant,Henry VIII
1,Servant,Henry VIII
3,Sir Anthony Denny,Henry VIII
1,Sir Henry Guildford,Henry VIII
1,Sir Nicholas Vaux,Henry VIII
21,Sir Thomas Lovell,Henry VIII
9,Surveyor,Henry VIII
10,Third Gentleman,Henry VIII
23,Arthur,King John
9,Blanch,King John
23,Cardinal Pandulph,King John
5,Chatillon,King John
36,Constance,King John
1,English Herald,King John
1,Essex,King John
4,Faulconbridge,King John
10,First Citizen,King John
2,First Executioner,King John
1,French Herald,King John
52,Hubert de Burgh,King John
1,James Gurney,King John
95,King John,King John
43,King Phillip,King John
5,Lady Faulconbridge,King John
29,Lewis,King John
6,Lord Bigot,King John
16,Lymoges,King John
3,Melun,King John
9,Messenger,King John
20,Pembroke,King John
1,Peter of Pomfret,King John
89,Philip the Bastard,King John
8,Prince Henry,King John
22,Queen Elinor,King John
36,Salisbury,King John
5,Captain,King Lear
31,Cordelia,King Lear
4,Curan,King Lear
8,Doctor,King Lear
58,Duke of Albany,King Lear
5,Duke of Burgundy,King Lear
53,Duke of Cornwall,King Lear
118,Earl of Gloucester,King Lear
127,Earl of Kent,King Lear
98,Edgar,King Lear
79,Edmund,King Lear
58,Fool,King Lear
41,Gentleman,King Lear
53,Goneril,King Lear
4,Herald,King Lear
5,King of France,King Lear
5,Knight,King Lear
188,King Lear,King Lear
1,Messenger,King Lear
9,Old Man,King Lear
38,Oswald,King Lear
73,Regan,King Lear
4,Servant 1,King Lear
2,Servant 2,King Lear
2,Servant 3,King Lear
159,Biron,Love's Labor's Lost
80,Boyet,Love's Labor's Lost
83,Costard,Love's Labor's Lost
102,Don Adriano de Armado,Love's Labor's Lost
15,Dull,Love's Labor's Lost
54,Dumain,Love's Labor's Lost
117,Ferdinand,Love's Labor's Lost
2,First Lord,Love's Labor's Lost
4,Forester,Love's Labor's Lost
54,Holofernes,Love's Labor's Lost
13,Jaquenetta,Love's Labor's Lost
25,Katharine,Love's Labor's Lost
40,Longaville,Love's Labor's Lost
22,Maria,Love's Labor's Lost
3,Mercade,Love's Labor's Lost
78,Moth,Love's Labor's Lost
102,Princess of France,Love's Labor's Lost
75,Rosaline,Love's Labor's Lost
19,Sir Nathaniel,Love's Labor's Lost
4,Angus,Macbeth
1,Attendant,Macbeth
33,Banquo,Macbeth
3,Caithness,Macbeth
20,Doctor,Macbeth
3,Donalbain,Macbeth
18,Duncan,Macbeth
1,First Apparition,Macbeth
21,First Murderer,Macbeth
23,First Witch,Macbeth
2,Fleance,Macbeth
11,Gentlewoman,Macbeth
2,Hecate,Macbeth
59,Lady Macbeth,Macbeth
19,Lady Macduff,Macbeth
21,Lennox,Macbeth
3,Lord,Macbeth
146,Macbeth,Macbeth
59,Macduff,Macbeth
40,Malcolm,Macbeth
5,Menteith,Macbeth
6,Messenger,Macbeth
4,Old Man,Macbeth
4,Porter,Macbeth
39,Ross,Macbeth
2,Second Apparition,Macbeth
6,Second Murderer,Macbeth
15,Second Witch,Macbeth
3,Sergeant,Macbeth
5,Servant,Macbeth
5,Seyton,Macbeth
11,Siward,Macbeth
14,Son,Macbeth
1,Third Apparition,Macbeth
6,Third Murderer,Macbeth
13,Third Witch,Macbeth
4,Young Siward,Macbeth
13,Abhorson,Measure for Measure
83,Angelo,Measure for Measure
7,Barnardine,Measure for Measure
35,Claudio,Measure for Measure
28,Elbow,Measure for Measure
78,Escalus,Measure for Measure
12,First Gentleman,Measure for Measure
2,Francisca,Measure for Measure
7,Friar Peter,Measure for Measure
3,Friar Thomas,Measure for Measure
8,Froth,Measure for Measure
129,Isabella,Measure for Measure
7,Juliet,Measure for Measure
3,Justice,Measure for Measure
111,Lucio,Measure for Measure
24,Mariana,Measure for Measure
1,Messenger,Measure for Measure
15,Mistress Overdone,Measure for Measure
60,Pompey,Measure for Measure
65,Provost,Measure for Measure
9,Second Gentleman,Measure for Measure
3,Servant,Measure for Measure
194,Vincentio,Measure for Measure
47,Antonio,The Merchant of Venice
1,Balthasar,The Merchant of Venice
73,Bassanio,The Merchant of Venice
1,Clerk,The Merchant of Venice
18,Duke,The Merchant of Venice
48,Gratiano,The Merchant of Venice
26,Jessica,The Merchant of Venice
44,Launcelot Gobbo,The Merchant of Venice
2,Leonardo,The Merchant of Venice
47,Lorenzo,The Merchant of Venice
36,Nerissa,The Merchant of Venice
19,Old Gobbo,The Merchant of Venice
117,Portia,The Merchant of Venice
4,Prince of Arragon,The Merchant of Venice
7,Prince of Morocco,The Merchant of Venice
18,Salanio,The Merchant of Venice
27,Salarino,The Merchant of Venice
6,Salerio,The Merchant of Venice
4,Servant,The Merchant of Venice
79,Shylock,The Merchant of Venice
3,Stephano,The Merchant of Venice
8,Tubal,The Merchant of Venice
59,Bottom,A Midsummer Night's Dream
4,Cobweb,A Midsummer Night's Dream
48,Demetrius,A Midsummer Night's Dream
7,Egeus,A Midsummer Night's Dream
4,Fairy,A Midsummer Night's Dream
18,Flute,A Midsummer Night's Dream
36,Helena,A Midsummer Night's Dream
48,Hermia,A Midsummer Night's Dream
14,Hippolyta,A Midsummer Night's Dream
50,Lysander,A Midsummer Night's Dream
2,Moth,A Midsummer Night's Dream
5,Mustardseed,A Midsummer Night's Dream
29,Oberon,A Midsummer Night's Dream
4,Peaseblossom,A Midsummer Night's Dream
6,Philostrate,A Midsummer Night's Dream
33,Puck,A Midsummer Night's Dream
40,Quince,A Midsummer Night's Dream
9,Snout,A Midsummer Night's Dream
4,Snug,A Midsummer Night's Dream
7,Starveling,A Midsummer Night's Dream
48,Theseus,A Midsummer Night's Dream
23,Titania,A Midsummer Night's Dream
15,Bianca,Othello
30,Brabantio,Othello
110,Cassio,Othello
14,Clown,Othello
165,Desdemona,Othello
25,Duke of Venice,Othello
103,Emilia,Othello
1,First Gentleman,Othello
5,First Musician,Othello
3,First Officer,Othello
8,First Senator,Othello
1,Fourth Gentleman,Othello
1,Gentleman,Othello
20,Gratiano,Othello
1,Herald,Othello
272,Iago,Othello
33,Lodovico,Othello
2,Messenger,Othello
24,Montano,Othello
274,Othello,Othello
59,Roderigo,Othello
2,Sailor,Othello
5,Second Gentleman,Othello
1,Second Senator,Othello
4,Third Gentleman,Othello
12,Antiochus,"Pericles, Prince of Tyre"
43,Bawd,"Pericles, Prince of Tyre"
38,Boult,"Pericles, Prince of Tyre"
23,Cerimon,"Pericles, Prince of Tyre"
19,Cleon,"Pericles, Prince of Tyre"
1,Daughter of Antiochus,"Pericles, Prince of Tyre"
1,Diana,"Pericles, Prince of Tyre"
19,Dionyza,"Pericles, Prince of Tyre"
2,Escanes,"Pericles, Prince of Tyre"
15,First Fisherman,"Pericles, Prince of Tyre"
10,First Gentleman,"Pericles, Prince of Tyre"
2,First Knight,"Pericles, Prince of Tyre"
9,First Lord,"Pericles, Prince of Tyre"
2,First Pirate,"Pericles, Prince of Tyre"
4,First Sailor,"Pericles, Prince of Tyre"
3,First Servant,"Pericles, Prince of Tyre"
8,Gower,"Pericles, Prince of Tyre"
37,Helicanus,"Pericles, Prince of Tyre"
3,Knights,"Pericles, Prince of Tyre"
12,Leonine,"Pericles, Prince of Tyre"
4,Lord,"Pericles, Prince of Tyre"
4,Lychorida,"Pericles, Prince of Tyre"
40,Lysimachus,"Pericles, Prince of Tyre"
63,Marina,"Pericles, Prince of Tyre"
1,Marshal,"Pericles, Prince of Tyre"
1,Messenger,"Pericles, Prince of Tyre"
10,Pandar,"Pericles, Prince of Tyre"
121,Pericles,"Pericles, Prince of Tyre"
1,Philemon,"Pericles, Prince of Tyre"
12,Second Fisherman,"Pericles, Prince of Tyre"
10,Second Gentleman,"Pericles, Prince of Tyre"
1,Second Knight,"Pericles, Prince of Tyre"
4,Second Lord,"Pericles, Prince of Tyre"
1,Second Pirate,"Pericles, Prince of Tyre"
4,Second Sailor,"Pericles, Prince of Tyre"
1,Servant,"Pericles, Prince of Tyre"
42,Simonides,"Pericles, Prince of Tyre"
32,Thaisa,"Pericles, Prince of Tyre"
8,Thaliard,"Pericles, Prince of Tyre"
6,Third Fisherman,"Pericles, Prince of Tyre"
1,Third Knight,"Pericles, Prince of Tyre"
2,Third Lord,"Pericles, Prince of Tyre"
1,Third Pirate,"Pericles, Prince of Tyre"
3,Tyrian Sailor,"Pericles, Prince of Tyre"
2,Abbot,Richard II
6,Bagot,Richard II
6,Bishop of Carlisle,Richard II
13,Bushy,Richard II
2,Captain,Richard II
4,Duchess of Gloucester,Richard II
28,Duchess of York,Richard II
38,Duke of Aumerle,Richard II
3,Duke of Surrey,Richard II
3,Earl of Salisbury,Richard II
54,Edmund of Langley,Richard II
1,First Herald,Richard II
6,Gardener,Richard II
10,Green,Richard II
4,Groom,Richard II
28,John of Gaunt,Richard II
4,Keeper,Richard II
98,King Richard II,Richard II
6,Lady,Richard II
1,Lord,Richard II
2,Lord Berkeley,Richard II
6,Lord Fitzwater,Richard II
10,Lord Marshal,Richard II
11,Lord Ross,Richard II
8,Lord Willoughby,Richard II
25,Queen,Richard II
1,Second Herald,Richard II
8,Servant,Richard II
6,Sir Pierce of Exton,Richard II
6,Sir Stephen Scroop,Richard II
13,Thomas Mowbray,Richard II
1,Another,Richard III
3,Blunt,Richard III
7,Boy,Richard III
2,Cardinal Bourchier,Richard III
3,Children,Richard III
2,Christopher Urswick,Richard III
43,Duchess of York,Richard III
6,Duke of York,Richard III
1,Earl of Surrey,Richard III
7,First Citizen,Richard III
33,First Murderer,Richard III
1,Fourth Messenger,Richard III
1,Gentleman,Richard III
1,Gentlemen,Richard III
3,Girl,Richard III
6,John Morton,Richard III
51,Lady Anne,Richard III
6,Lord Grey,Richard III
2,Lord Lovel,Richard III
10,Marquis of Dorset,Richard III
13,Messenger,Richard III
3,Page,Richard III
1,Priest,Richard III
1,Princes,Richard III
3,Pursuivant,Richard III
14,Richmond (Henry VII),Richard III
1,Scrivener,Richard III
6,Second Citizen,Richard III
1,Second Messenger,Richard III
30,Second Murderer,Richard III
2,Sheriff of Wiltshire,Richard III
10,Sir James Tyrrel,Richard III
18,Sir Richard Ratcliff,Richard III
16,Sir Robert Brakenbury,Richard III
2,Sir Thomas Vaughan,Richard III
1,Sir Walter Herbert,Richard III
31,Sir William Catesby,Richard III
9,Third Citizen,Richard III
3,Third Messenger,Richard III
5,Thomas Rotherham,Richard III
5,Abraham,Romeo and Juliet
4,Apothecary,Romeo and Juliet
12,Balthasar,Romeo and Juliet
64,Benvolio,Romeo and Juliet
51,Capulet,Romeo and Juliet
2,Chorus,Romeo and Juliet
3,First Citizen,Romeo and Juliet
10,First Musician,Romeo and Juliet
4,First Servant,Romeo and Juliet
6,First Watchman,Romeo and Juliet
4,Friar John,Romeo and Juliet
55,Friar Laurence,Romeo and Juliet
15,Gregory,Romeo and Juliet
118,Juliet,Romeo and Juliet
45,Lady Capulet,Romeo and Juliet
2,Lady Montague,Romeo and Juliet
62,Mercutio,Romeo and Juliet
10,Montague,Romeo and Juliet
90,Nurse,Romeo and Juliet
4,Page,Romeo and Juliet
23,Paris,Romeo and Juliet
13,Peter,Romeo and Juliet
16,Prince Escalus,Romeo and Juliet
163,Romeo and Juliet,Romeo and Juliet
20,Sampson,Romeo and Juliet
2,Second Capulet,Romeo and Juliet
3,Second Musician,Romeo and Juliet
6,Second Servant,Romeo and Juliet
1,Second Watchman,Romeo and Juliet
10,Servant,Romeo and Juliet
1,Third Musician,Romeo and Juliet
1,Third Watchman,Romeo and Juliet
17,Tybalt,Romeo and Juliet
68,Baptista Minola,The Taming of the Shrew
29,Bianca,The Taming of the Shrew
39,Biondello,The Taming of the Shrew
24,Christopher Sly,The Taming of the Shrew
20,Curtis,The Taming of the Shrew
4,First Huntsman,The Taming of the Shrew
6,First Servant,The Taming of the Shrew
58,Gremio,The Taming of the Shrew
63,Grumio,The Taming of the Shrew
1,Haberdasher,The Taming of the Shrew
70,Hortensio,The Taming of the Shrew
3,Hostess,The Taming of the Shrew
1,Joseph,The Taming of the Shrew
82,Katherina,The Taming of the Shrew
17,Lord,The Taming of the Shrew
61,Lucentio,The Taming of the Shrew
1,Messenger,The Taming of the Shrew
4,Nathaniel,The Taming of the Shrew
1,Nicholas,The Taming of the Shrew
8,Page,The Taming of the Shrew
20,Pedant,The Taming of the Shrew
2,Peter,The Taming of the Shrew
158,Petruchio,The Taming of the Shrew
1,Philip,The Taming of the Shrew
3,Player,The Taming of the Shrew
2,Second Huntsman,The Taming of the Shrew
4,Second Servant,The Taming of the Shrew
2,Servant,The Taming of the Shrew
1,Servants,The Taming of the Shrew
12,Tailor,The Taming of the Shrew
4,Third Servant,The Taming of the Shrew
90,Tranio,The Taming of the Shrew
23,Vincentio,The Taming of the Shrew
8,Widow,The Taming of the Shrew
9,Adrian,The Tempest
40,Alonso,The Tempest
57,Antonio,The Tempest
45,Ariel,The Tempest
12,Boatswain,The Tempest
50,Caliban,The Tempest
4,Ceres,The Tempest
31,Ferdinand,The Tempest
2,Francisco,The Tempest
52,Gonzalo,The Tempest
4,Iris,The Tempest
2,Juno,The Tempest
1,Mariners,The Tempest
2,Master,The Tempest
49,Miranda,The Tempest
115,Prospero,The Tempest
67,Sebastian,The Tempest
60,Stephano,The Tempest
39,Trinculo,The Tempest
39,Alcibiades,Timon of Athens
100,Apemantus,Timon of Athens
4,Banditti,Timon of Athens
14,Caphis,Timon of Athens
1,Cupid,Timon of Athens
5,First Bandit,Timon of Athens
1,First Lady,Timon of Athens
28,First Lord,Timon of Athens
27,First Senator,Timon of Athens
7,First Servant,Timon of Athens
4,First Stranger,Timon of Athens
10,Flaminius,Timon of Athens
41,Flavius,Timon of Athens
9,Fool,Timon of Athens
3,Fourth Lord,Timon of Athens
6,Hortensius,Timon of Athens
4,Jeweller,Timon of Athens
13,Lucilius,Timon of Athens
6,Lucullus,Timon of Athens
8,The Merchant of Venice,Timon of Athens
6,Messenger,Timon of Athens
10,Old Athenian,Timon of Athens
4,Page,Timon of Athens
30,Painter,Timon of Athens
6,Philotus,Timon of Athens
4,Phrynia,Timon of Athens
30,Poet,Timon of Athens
4,Second Bandit,Timon of Athens
29,Second Lord,Timon of Athens
14,Second Senator,Timon of Athens
5,Second Servant,Timon of Athens
3,Second Stranger,Timon of Athens
2,Sempronius,Timon of Athens
4,Senator,Timon of Athens
9,Servant,Timon of Athens
8,Servilius,Timon of Athens
2,Soldier,Timon of Athens
3,Third Bandit,Timon of Athens
11,Third Lord,Timon of Athens
2,Third Senator,Timon of Athens
2,Third Servant,Timon of Athens
1,Third Stranger,Timon of Athens
3,Timandra,Timon of Athens
210,Timon of Athens,Timon of Athens
12,Titus Andronicus,Timon of Athens
2,Ventidius,Timon of Athens
57,Aaron,Titus Andronicus
5,Aemilius,Titus Andronicus
14,Bassianus,Titus Andronicus
1,Captain,Titus Andronicus
30,Chiron,Titus Andronicus
12,Clown,Titus Andronicus
39,Demetrius,Titus Andronicus
4,First Goth,Titus Andronicus
15,Lavinia,Titus Andronicus
51,Lucius,Titus Andronicus
63,Marcus Andronicus,Titus Andronicus
10,Martius,Titus Andronicus
1,Messenger,Titus Andronicus
3,Mutius,Titus Andronicus
10,Nurse,Titus Andronicus
5,Publius,Titus Andronicus
11,Quintus,Titus Andronicus
49,Saturninus,Titus Andronicus
1,Second Goth,Titus Andronicus
49,Tamora,Titus Andronicus
1,Third Goth,Titus Andronicus
117,Titus Andronicus,Titus Andronicus
1,Tribunes,Titus Andronicus
11,Young Lucius,Titus Andronicus
74,Achilles,Troilus and Cressida
44,Aeneas,Troilus and Cressida
52,Agamemnon,Troilus and Cressida
55,Ajax,Troilus and Cressida
8,Alexander,Troilus and Cressida
6,Andromache,Troilus and Cressida
3,Boy,Troilus and Cressida
4,Calchas,Troilus and Cressida
13,Cassandra,Troilus and Cressida
1,Chorus,Troilus and Cressida
152,Cressida,Troilus and Cressida
2,Deiphobus,Troilus and Cressida
54,Diomedes,Troilus and Cressida
57,Hector,Troilus and Cressida
17,Helen,Troilus and Cressida
1,Helenus,Troilus and Cressida
3,Margarelon,Troilus and Cressida
11,Menelaus,Troilus and Cressida
1,Myrmidons,Troilus and Cressida
38,Nestor,Troilus and Cressida
153,Pandarus,Troilus and Cressida
27,Paris,Troilus and Cressida
37,Patroclus,Troilus and Cressida
6,Priam,Troilus and Cressida
15,Servant,Troilus and Cressida
90,Thersites,Troilus and Cressida
131,Troilus and Cressida,Troilus and Cressida
80,Ulysses,Troilus and Cressida
19,Anne Page,The Merry Wives of Windsor
14,Bardolph,The Merry Wives of Windsor
49,Doctor Caius,The Merry Wives of Windsor
20,Fenton,The Merry Wives of Windsor
2,First Servant,The Merry Wives of Windsor
99,Ford,The Merry Wives of Windsor
46,Host,The Merry Wives of Windsor
85,Mistress Ford,The Merry Wives of Windsor
101,Mistress Page,The Merry Wives of Windsor
75,Page,The Merry Wives of Windsor
6,Robin,The Merry Wives of Windsor
9,Rugby,The Merry Wives of Windsor
1,Second Servant,The Merry Wives of Windsor
1,Servant,The Merry Wives of Windsor
25,Simple,The Merry Wives of Windsor
87,Sir Hugh Evans,The Merry Wives of Windsor
56,Slender,The Merry Wives of Windsor
11,William Page,The Merry Wives of Windsor
19,Antigonus,The Winter's Tale
7,Archidamus,The Winter's Tale
67,Autolycus,The Winter's Tale
72,Camillo,The Winter's Tale
7,Cleomenes,The Winter's Tale
64,Clown,The Winter's Tale
4,Dion,The Winter's Tale
11,Dorcas,The Winter's Tale
4,Emilia,The Winter's Tale
6,First Gentleman,The Winter's Tale
4,First Lady,The Winter's Tale
14,First Lord,The Winter's Tale
2,First Servant,The Winter's Tale
45,Florizel,The Winter's Tale
6,Gaoler,The Winter's Tale
5,Gentleman,The Winter's Tale
35,Hermione,The Winter's Tale
125,Leontes,The Winter's Tale
4,Lord,The Winter's Tale
13,Mamillius,The Winter's Tale
3,Mariner,The Winter's Tale
13,Mopsa,The Winter's Tale
5,Officer,The Winter's Tale
42,Old Shepherd,The Winter's Tale
59,Paulina,The Winter's Tale
25,Perdita,The Winter's Tale
57,Polixenes,The Winter's Tale
4,Second Gentleman,The Winter's Tale
3,Second Lady,The Winter's Tale
1,Second Servant,The Winter's Tale
10,Servant,The Winter's Tale
6,Third Gentleman,The Winter's Tale
1,Time,The Winter's Tale